stars,comment
5,túi rất đẹp túi đẹp may kĩ và tiện_lợi khi bên trong và bên ngoài đều có túi nhỏ dây kéo_lại đẹp nói_chung là rất đáng tiền mua
4,bốn sao mẫu_mã và chất_lượng y_hình
5,năm sao đẹp
5,năm sao verry nice i love it
5,tot san pham giong_hinh da_đẹp
5,năm sao đẹp
5,tuyệt chỉ ngày mà mình đã nhận được hàng hàng rất đẹp mình thích lắm lun á
3,sao tôi rất hài_lòng về sản_phẩm cảm_ơn lazada
5,túi đẹp và tiện_dụng đã mua thêm cái nữa và còn mua thêm nữa
4,túi đẹp có vài chỗ đường chỉ bị may chồng lên nhau nhưng nhìn chung túi đẹp chắc_chắn giá rẻ so với chất_lượng mình rất thích sản_phẩm này
5,tốt sản_phẩm vừa tầm giá chất_lượng
4,danh gia đẹp nhưng túi hơi nhỏ
5,năm sao đẹp lắm rất thích
3,ba sao hài_lòng với sản_phẩm này cực_kỳ lần sau sẽ mua hàng trên lazada tiếp
5,tui xach lata minh mua ve_rat hai long chat_lieu da tot ma_lai vua tui tien nua mjnh rat thich sản_phẩm nay
5,hang đẹp nhu_hibh nhun chac chan ben đẹp ok
1,hàng đúng như hình nhưng trên website có tặng kèm ví mà nhận không có
5,năm sao hàng đẹp tốt
5,rất tốt hàng nhận giống hình chất_liệu đẹp phù_hợp với giá tiền
5,quá đẹp đã nhận được hàng quá đẹp phải đặt thêm cái nữa cho sao
4,san pham đẹp san pham đẹp so voi gia
5,năm sao rất hài_lòng về sản_phẩm da_đẹp tỉ_mỉ cẩn thẩn đén từng đường may mà giá lại siêu mềm cảm_ơn lazada rất nhiều nhé
3,tốt sản_phẩm tốt trong tầm giá
5,năm sao tui đẹp va re
5,mình đang dùng túi này thấy thích lắm mà giá_cả phải_chăng túi như quảng_cáo
5,tuyệt_vời túi da mềm đường may đẹp giá quá rẻ mình mua lúc không đang định đặt thêm mang đi làm hay đi chơi đều đc nhé rất trẻ_trung
4,bốn sao túi đẹp da_mềm mịn giá rẻ tôi rất hài_lòng về sản_phẩm tuy_nhiên giao hàng còn chậm đợi đến ngày thì quá lâu
5,năm sao mình rất hài_lòng
5,năm sao hàng ok rất thích
1,e đặt túi này sao mãi không thấy ibox_vậy
5,sao tôi thích sản_phẩm đã mua
5,chất_lượng tốt giá vậy là quá ok so với hàng
5,hai long ve_sản_phẩm va dich vu cua lazada tui xach nhu_hinh anh gia re giao hang nhanh tuyet voi lazada
3,rất tốt tôi hài_lòng về sản_phẩm của các bạn mẫu_mã đẹp từng đường chỉ rất chuẩn_xác không có lỗi giá_cả cực_kì hợp_lý cám_ơn lazada và latashop
5,đẹp rất ưng_ý mua lúc đang giảm_giá không sản_phẩm rất đẹp da mịn dày_dặn quai đeo chắc_chắn khuy nút dây kéo_đẹp
5,chất_lượng tốt hàng giao trong giờ thì chiều hôm trc đặt giờ tối hôm sau dậy đi nhận hàng chất_lượng hàng tốt chất_liệu da tốt chỉ may đẹp mầu_sắc vừa_mắt quan_trọng vợ mình vui cám_ơn cửa_hàng và lazada
1,gọi người bán không bắt mấy sản_phẩm thì không như_ý giá bán không đúng
5,hài_lòng
4,bốn sao đẹp nhưng hơi nhỏ
1,không hài_lòng tôi vừa nhận được túi_xách chất_liệu túi nhão form túi thì bị méo nhìn sản_phẩm không chắc_chắn
3,tạm
3,túi tốt chất_liệu thích giỏ gọn tiện_dụng nói chung thích
5,túi_xách đẹp gọn_nhẹ mình rất thích
5,tuyệt hàng y hình ok túi rất đẹp và quá rẻ so với giá tiền hài_lòng tuyệt_đối cho sao
1,túi xấu
1,hàng vàng_mã hàng quá xấu so với ảnh như đồ vàng_mã
4,túi hơi bé hàng tốt chất_lượng trừ mỗi điểm túi hơi bé
3,túi_xách ok rat thích
4,hai long hang giong hinhdepgia redinh lua nua ma het hang
5,năm sao rất ưng
5,năm_sao da_cung đẹp duong may tot
4,đẹp chat lieu tot đẹp nhu_hinh lata
4,bốn sao mới nhận hàng hôm_nay vơi giá không dùng đựng đồ_chơi chơi cũng ổn giống hìnhda cứng_cáp
5,sản_phẩm tốt sản_phẩm tốt đóng_gói cẩn_thận
5,tui đeo da_mềm e thích_vi nho bo dien thoại vô vua tui đeo chéo
4,sản_phẩm chấp_nhận được so với mô_tả và mức giá
1,một sao
5,túi đeo chéo lata hàng đẹp đúng với quãng cáo giao hàng nhanh thân thien rất hài_lòng cảm_ơn laza
4,xài êm_đẹp đc
5,đẹp nhu_hinh
4,bốn sao chất_lượng sản_phẩm tốt hơn mong_đợi
5,sản_phẩm tốt sản_phẩm tốt đóng_gói cẩn_thận
4,tốt sản_phẩm dùng ok với tầm giá này thì chất_lượng rất tốt
3,ba sao hàng phù_hợp với giá tiền
5,tuyệt_vời mua rất ưng í
5,tuyệt_vời sản_phẩm đẹp giao hàng nhanh giá_cả cũng hợp_lý
5,tốt mua được giá rẻ không hài_lòng da_mềm chắc gọn_nhẹ để ví bóp và điện_thoại vừa_phải không cồng_kềnh tiện_lợi
5,hàng đẹp dùng ok rất hài_lòng về sản_phẩm
1,một sao mình hài_lòng với sản_phẩm với giá tiền như_vậy thì sản_phẩm ổn rùi
5,dich vu tuong doi tot dat hang nhanh
4,tốt giao hàng nhanh hàng rất đẹp mình rất hài_lòng với sản_phẩm nhưng khi giao hàng mình không thấy có hóa_đơn giao hàng
4,đẹp moi toi hoi nho neu ban la nam_gioi
2,túi nhỏ xinh phù_hợp với giá tiền đã giảm nhưng không hài_lòng ở mùi của da túi mãi không thấy bay hết mùi hic
5,năm sao ok hài_lòng về sản_phẩm
5,tuyệt_túi da giống y_hình da rất đẹp rất đáng để mua sản_phẩm rất ưng í
5,túi đẹp túi đẹp sao
3,ba sao ví da cũng rất nhé nhưng ví tặng thì hơi kì
1,robt s repp một sao
2,hang re mà đep sai ok
3,hài_lòng mình rất thích túi chất đẹp hàng đẹp tuy màu không được đậm như hình
3,tốt hàng đẹp chất_liệu tốt dày_dặn rất vừa_ý
2,nhìn đẹp nhìn đẹp nhưng không bền đeo vào thì rớt dây rớt khóa tùm_lum
4,tot ok kich thuoc nho hon mau dam_hom da mem duong chi chac chan noi tom lai hai long
4,hàng ok túi đeo chéo
1,dởm tiền nào của nấy cũng tạm đc thôi
5,sản_phẩm đẹp hàng đẹp da sờ mềm thích gói hàng thì cẩn_thận vote sao
4,bốn sao túi đẹp giá rẻ nhưng màu hơi đậm hơn so với trong hình
3,ba_sao da_đẹp
5,tốt thực_sự hài_lòng sản_phẩm tốt giá_thành rẻ không
3,kính_mát nam chất_lượng chưa được tốt
5,túi đeo chéo lata hn mình mới nhận được sản_phẩm sáng nay rất ưng_ý sản_phẩm nhìn ngoài rất đẹp
5,tuyệt_vời túi rất đẹp và chắc_chắn giá lại rẻ sẽ mua tiếp
3,ba sao túi đẹp
5,năm sao túi đẹp da mềm chất_lượng tốt hài_lòng với sản_phẩm
5,giao hàng nhanh sản_phẩm đẹp giá rẻ rất ưng_ý với tất_cả sản_phẩm mình đã mua
3,ba sao hàng dùng được nhưng hơi đắt so với thực_tế
4,tốt
4,chất_lượng ok
4,chất_lượng túi dày_dặn chắc_chắn đường may đẹp khá hài_lòng với sản_phẩm này
5,năm sao
5,túi đẹp đường may cũng chắc_chắn cám_ơn lata cám_ơn lazada sao so với giá tiền
3,ba sao rất tốt
3,ba sao em rất ứng sản_phẩm rất đúng mục_đích của e
3,ba sao ok
3,ba sao tốt giao hàng nhanh hàng ưng_ý
5,túi đẹp tương_ứng với giá mình rất hài_lòng
5,hài_lòng với sản_phẩm này sản_phẩm có thương_hiệu chất_liệu tốt giá giảm rẻ quá mình mua luôn cái
5,quá_sức hài_lòng cực_kì hài_lòng khi nhận được sản_phẩm rất đẹp mình rất rất thích luôn lại còn được bảo_hành nữa
5,hàng chất lương_y trong hình hàng đẹp đường may đẹp lần đầu mua mà ương ý lắm lun
4,thích mình đã đặt mua và dùng được một thời_gian túi khá chất_lượng túi đẹp đeo cũng khá bền với giá_cả như_vậy rất phù_hợp
5,năm sao spham đẹp dung nhu trong hinh anh dang ban minh mua tang sinh nhat nguoi duoc tang rat thich va khen gio tot duong chi may chac minh se tiep tuc ung ho thuong hieu lata nay
5,năm sao
5,tui sách tui sách mem êm giong như_lazada da gioi thieu toi rat hai long
4,bốn sao ok ngon bổ rẽ
5,năm sao giá_cả phải_chăng túi giống hình nói_chung ok
5,năm sao năm trước hàng đẹp bền mình rất ưng_ý
5,đánh_giá vừa_ý khi nhận sản_phẩm
5,năm sao
5,túi đeo chéo lata hàng rất chi là oke cảm_ơn lazada nhé
5,da đẹp ưng_ý lắm
4,hàng được mua để tặng nói túi_xách đ người được tặng không tin phải cao_giá hơn và cảm_ơn
3,túi chéo ok vải đẹp hợp túi_tiền
5,năm sao dày_dặn đẹp như hình rất thích
5,năm sao túi rất đẹp y_như hình đầy_đặn đường chỉ chắc_chắn giao hàng rất nhanh
1,giao hàng chậm quá hôm rồi mình vẫn chưa nhận được khi nào hàng về mình sẽ hoàn_trả lại cửa_hàng
1,một sao năm trước chất_lượng tốt
5,năm sao chất_lượng đúng như thông_tin sản_phẩm oke
5,tốt sản_phẩm tốt và đẹp như đúng cam_kết
4,tot
5,đẹp và rẻ dùng ok so với giá là quá ổn mua ở ngoài cùng loại phải trên không cám_ơn cửa_hàng và lazada
5,túi da đẹp túi đẹp da tốt rất ưng_ý tuy_nhiên mong lazada giao hàng nhanh hơn_nữa
4,bốn sao năm trước lan dau tien mua hang tren lazada hang giong nhu_hinh moi rat đẹp
5,năm sao cung được
2,tạm ổn
4,hỏi hôm trước có đăng_kí mua túi_xách da_bò thế này mà không thấy liên_hệ nên hỏi thử có hàng này không ạ
5,đẹp túi đẹp hơn mấy mẫu khác của lata đường may sắc_sảo xài rất bền
1,mua tặng bạn xài chưa bao_lâu đẫ đứt hàng vàng_mã
2,mình nhận được hàng rồi túi so với hình không giống lắm về kích_thước
5,rẻ đẹp màu_sắc đường may đẹp vải lót trong cũng rất tốt giao hàng lại nhanh rất vừa_ý
4,ưng_ý sản_phẩm đẹp so với giá nhưng logo nó không ở chính giữa sản_phẩm mà ở góc sản_phẩm không giống trên hình nhỉ nói_chung là ưng
5,năm sao tốt
5,năm sao nhận hàng hơi trễ nhưng chất_lượng ok giống mẫu đường may ngay_ngắn lớp lót bên trong đẹp hài_lòng về sản_phẩm
4,tốt hàng giống hình_hài_lòng
5,năm sao hàng đẹp da mềm cảm_ơn lazada
3,đẹp túi may chắc_chắn y_hình
2,hai sao
4,bốn sao sản_phẩm ổn ngoài việc màu đậm hơn so với hình thì còn lại tốt da mềm đường may chắc_chắn
5,hài_lòng sản_phẩm đẹp chắc_chắn giá rẻ cảm_ơn lata và lazada
5,rất đáng đồng_tiền
4,bóp đeo sản_phẩm đẹp giá tốt
5,rất đẹp cám_ơn lata và lazada túi may rất đẹp tôi không nghĩ hàng vn hơn trăm bạc mà_lại đẹp đến vậy trong tương_lai sẽ tiếp_tục mua đồ của các bạn
1,hàng may bị lỗi bởi_vậy nên mới bán giá do
4,hang tot lam_toi da mua va cong nhan hang rat tot
5,năm sao rất đẹp
1,không bao_giờ mua nữa
5,chất_lượng cực_kì đa mua đc gần tháng rồi mình thấy lata rất có uy_tín và hàng rất bền đẹp tuy_nhiên theo mình nếu muốn tương_lai sẽ còn đc biết đến rộng_rãi hơn nx lata nên đầu_tư đa_dạng mãu túi cho chị_em phụ_nữ vì chị em túi_xách là một phần cs rồi nên sẽ đầu_tư cho túi đẹp và nếu rẻ mà_bền thì càng tốt đặc_biệt đa_dạng màu hơn nhé lata các màu như đỏ xanh hồng bởi theo mình biết thì da có_thể nhuộm đc mỗi nâu với đen trông không hút mắt lắm
5,hàng đẹp và rẻ hơn mong_đợi mình mua khi sản_phẩm sale off nhưng không_thể tin được là túi đẹp đến thế chắc_chắn dày_dặn đường may rất cẩn_thận mình có nhiều túi qc đắt tiền gấp chục lần mà cũng không được như_vậy ủng_hộ lata dài_dài
3,ba sao túi rất đép giống_hệt trên ảnh t rất thich
5,túi túi đẹp chất_liệu ổn_mầu đẹp
5,túi đeo chéo lata_hn da_bò nhạt mình rất hài_lòng về chất_lượng của túi và cách làm_việc của lazada tặng sao
5,rất hài_lòng về sản_phẩm hii hi
5,la mùi túi đẹp
5,rất ok ok
4,bốn sao chất_lượng túi tốt hơn nhiều so với mình nghĩ khi mua với giá đó đường may chắc_chắn màu y_như hình_hài_lòng về sản_phẩm
5,hàng quá đẹp đúng là hàng vn chất_lượng cao túi da khá dày và mềm đường may chắc_chắn mình mua chiếc màu vàng nhạt nhìn rất đẹp dễ phối đồ có_điều kích_thước hơi nhỏ không đủ cho đựng vở đi học nên chỉ thích_hợp đeo đi chơi thôi
5,tốt hài_lòng
5,tốt quá bất_ngờ khi nhận đc hàng giá chỉ không theo tôi chỉ tiền công may là dư rồimay rất đẹp đường may sắc nét túi thì chỉ từ đẹp tuyệt_vời ông mặt_trời hơn những gì mình tưởng trước giờ mua hàng chưa sản_phẩm nào rẻ mà tốt ntn thật không_thể tin nổi sẽ đặt thêm sản_phẩm nữa làm_quà biếu acetks nhà phân_phối sản_phẩm nầy chúc bạn mua may bán đắc
5,túi da_bò nâu nhạt hài_lòng sản_phẩm đẹp đường may và khóa rất chắc_chắn kích_thước chuẩn giống như thông_tin đã cung_cấp màu túi đậm hơn so với ảnh chụp một_chút giao hàng đóng_gói sản_phẩm cẩn_thận mình rất ứng ý cám_ơn lazada
5,đẹp và chất sản_phẩm đẹp hơn hình luôn lần đầu_tiên mua cái túi da mà thấy hài_lòng chắc_chắn dày_dặn
5,ok mình mới nhận sản_phẩm giỏ đẹp đường may rất đều và đẹp da dày mềm ok giá rẻ
5,tốt rất vừa_ý hàng đẹp
4,bốn sao da memgiong y chang nhu_hinhnoi chung vua tui tien
5,túi đẹp túi đẹp gống hình ủng_hộ lazada nhiều hơn nữa cảnm ơn_lazada
4,nice đẹp hài_lòng
5,năm sao túi đẹp như hình đường may khá đẹp da mềm túi kích_thước vừa_vặn dễ kết_hợp đồ màu hơi đậm so với ảnh nhưng rất đẹp
4,bốn sao giá tốt sản_phẩm tốt đường may đẹp chất_liệu da ổn vải lót dày kích_thước túi hơi nhỏ
1,túi da ưng lắm đi chơi thật tuyệt cám_ơn lazada
4,bốn sao_đepchất da khá tốt
4,tốt trong tầm giá túi đẹp da tốt lớp lót êm_ái khóa kéo chắc_chắn nhưng hơi nhỏ chỉ đủ bỏ ví tiền và điện_thoại thôi
5,túi đeo chéo lata_hn da_bò nhạt mình rất hài_lòng về chất_lượng của túi và cách làm_việc của lazada tặng sao
5,năm sao túi đẹp y hình rất hài_lòng
5,tốt sản_phẩm đẹp và tốt như hình
3,ba sao túi đẹp chất_lượng đường may ưng_ý ok
4,bốn sao túi may chắc_chắn rất thích mỗi_tội màu đậm hơn so với hình
4,tốt sản_phẩm tốt
3,khá hài_lòng về sản_phẩm mình cũng là người hay mua hàng online cũng mua nhiều cửa_hàng nhưng đây là lần đầu_tiên mình mua trên lazada mình mới đặt_hàng chiều hôm_qua thì chiều hôm_nay đã nhận được hàng phải công_nhận lazada gói hàng rất kĩ mình rất thích và hàng nhận được thì màu_sắc như hình đường mau khá chắc nói_chung nhìn thích còn kích_thước thì đựng được quyên vớ khá là ok và mình cũng hài_lòng về cách xác_nhận đơn hàng hi_vọng lazada sẽ nhiều sản_phẩm giá_cả hợp_lý và chất_lượng tốt để phục_vụ khách_hàng
5,hải lòng hải lòng
4,ok năm trước chất_liệu cứng hơn mình nghĩ không mềm lắm màu_sắc đúng như hình dùng mấy tháng rồi chưa thấy bong tróc sứt chỉ dùng cũng được
4,tốt mua ngày giảm_giá còn kmjh rất hài_lòng về chất lượngđường may đẹpchắc chắntúi để đc ví và đtmàu thì nhạt hơn so với hìnhnchung là ok
5,hàng đẹp đường may chắc giá rẻ
4,khá tốt mới nhận hàng hôm_nay da_bò mềm màu không chuẩn như hình lắm màu như da_bò nhạt lớp lót đẹp đường may chắc_chắn kích_thước hơi nhỏ chỉ để được ipad mini để dùng lâu coi có bền không
5,quá chất_lượng giá rẻ mà chất_lượng thì quá tốt da mềm đường may chắc_chắn kiểu_dáng y_như hình rất đáng để mua giao hàng rất nhanh sẽ luôn ủng_hộ lata và lazada
2,hai sao tốt
1,một sao tốt
5,hai long mau ma đẹp chat lieu tot
2,kém da xấu nhàu giao hàng bị lỗi tróc da ngay gần nút gài
5,mình nhận đk hàng từ lazada hàng rất tốt d
5,túi đeo chéo hàng chất_lượng
4,hài_lòng về sản_phẩm da mềm đường chỉ chắc_chắn thiết_kế phù_hợp với nhu_cầu của minh
1,sản_phẩm bị lỗi dây đeo thiếu móc
5,năm sao túi đẹp mình mua đợt sale không thấy túi quá thích luôn hợp đi chơi
5,b năm sao hàng đẹp rất hài_lòng
1,một sao năm trước toi rat hai long ve_sản_phẩm mình mua tren lazada
3,sản_phẩm đẹp nhưng kích_thước nhỏ hơn lazada đã mô_tả chất_liệu tốt đường may đẹp nhưng giao cho mình nhầm màu mình đặt màu_da_bò nhạt nhưng nhận màu_da_bò đậm
5,tốt hàng rat tot duong may chac chancam on larada
5,rất đẹp ah
3,đẹp
4,bốn sao sản_phẩm đẹp chất_lượng tốt giá_cả hợp_lý
5,sản_phẩm tốt sản_phẩm đẹp và chất_lượng so với giá đó
5,năm sao túi khá đẹp giống hình trên trang khá hài_lòng
4,túi đẹp hài_lòng với sản_phẩm ok
5,tốt giao hàng nhanh hàng đúng mẩu
5,năm sao
4,bốn sao da mem nhung tui hoi nhototdang mua
4,túi đeo chéo đường may khá chắc_chắn màu túi ok chỉ là gói hàng bằng một tờ giấy có nhiều ng không để_ý lấy dao rọc giấy mở xẹc cái là đi luôn cái túi nên gói cho cẩn_thận bằng ba lớp để tránh trường_hợp trên
5,năm sao túi đẹp chất_lượng tốt tôi đã đặt mua tổng_cộng cái với giá không cái cảm_ơn lazada
5,thích quá bất_ngờ về sản_phẩm_giá rất rẻ chất_lượng lại miễn chê mình sẽ giới_thiệu nhiều ng mua chế_độ bảo_hành cũng rất ok đặc_biệt giao hàng cực nhanh
4,ghia nguyen túi da mềm đường may sắt sảo
5,túi của lata đã mua và đã sử_dụng túi y hìnhđường may đẹpthương hiệu lata tôi nghĩ mọi người nên sử_dụng
5,túi full đẹp lun lại đc giảm_giá tuyệt_vời túi đẹp cả trong lẫn ngoài
3,ba sao mình thấy rất hài_lòng
4,gio xách lata hang nhu_hình rat tot
1,không nhưa quảng_cáo có mỗi ngăn có mỗi ngăn làm quái gì có ngăn khoá như hình quảng_cáo
5,tốt đã nhận hàng nhanh hơn kế_hoạch hàng đẹp thích
5,túi đẹp tốt mình rất hài_lòng
5,phương ok
5,năm sao dakieu deu rat đẹp va vua y nuarat vua y
4,bốn sao sản_phẩm ổn màu_da giống hình chỉ may tốt bên trong vải nỉ nên bất_ngờ chút
5,tốt mình hài_lòng về chất_lượng vì không nghĩ giá_như vậy_mà được hàng tốt mỗi_tội giao hàng chậm quá
4,hài_lòng giao hàng nhanh gói hàng cũng đẹp nữa về chiếc túi thì mẫu_mã giống trong mô_tả dây đeo chắc_chắn nhưng có_điều màu hơi nhạt hơn so với trong hình tý n_hưng sản_phẩm_chất_lượng rất ok
5,đẹp chất_liệu bên trong mềm mạirất ưng_ý sản_phẩm nàymình fải mua thêm cái dùm chị hàng_xóm đó
3,ba sao túi đeo giống như hình đẹpnhưng hơi nhỏ
3,ba sao gio đẹp gia ca vua tui tien cong_nhan
4,bốn sao sản_phẩm như mô_tả đường may cẩn_thận hài_lòng với sản_phẩm
5,túi đeo chéo hàng chất_lượng bền_đẹp
5,tuyệt_vời chất_lượng ok sao
5,năm sao minh rat hai long ve_san pham
5,chất_lượng tốt giá rẻ em này đẹp như hình đường may chắc_chắn da_mềm nên đeo rất thoải_mái bên trong lót vải cũng mềm nch là rất ưng_ý chắc phải mua thêm cái nữa
4,bốn sao túi đẹp đúng như thông_tin sản_phẩm
4,bốn sao năm trước đẹp giống hình lóp vải bên trong ok giá mềm
5,năm sao đã nhận được sản_phẩm vô_cùng ưng_ý
1,một sao gia tot kieu depda depok
2,tạm được hơi nhỏ lúc mua không để_ý kích_cỡ mua về thì cảm_giác túi nhỏ là nam đeo thì hơi dở nhìn trông_ái ái thích_hợp với nữ hơn
5,năm sao sản_phẩm này nhìn khá thời_trang bắt_mắt nhé mình mua cho em nó dùng rất tốt vì dùng lâu rồi mà còn như mới luôn hé
4,bốn sao duoc gia tot chat luong
5,rất hài_lòng túi đẹp ngoài sự mong_đợi của mình quá rẻ cho sản_phẩm_chất_lượng giao hàng nhanh ngoài dự_kiến
5,ok tui đẹp vua y
4,bốn sao tốt
5,năm sao túi đúng hìnhda mềm đẹp thikkk
5,năm sao san pham tuyet voi day duong may chac chan toi rat thich nen mua them cai nua tang cho ban
5,sản_phẩm như hình sản_phẩm đẹp đường may tỉ_mẩn đáng tiền ui moa
1,nói_chung thì với giá tiền này túi là phù_hợp chứ cũng chẳng sale với không sale gì nhìn thì đẹp mà nhận thì chất_lượng hơi chán dây đeo dài quá bây_giờ làm thế_nào để tháo ra đây
4,túi quai chéo cảm_ơn lazada mình nhận được hàng sớm hơn nhiều so với dự_kiến túi đẹp tuy_nhiên màu đậm hơn so với ảnh
4,bốn sao sản_phẩm tốt đúng như hình
4,chiếc túi rất đẹp chiếc túi rất đẹp thích_hợp đi chơi đi học thêm vì nếu bỏ tập chỉ bỏ được quyển nói_chung đây là một sản_phẩm khá tốt với giá cực_kì phải_chăng mong là sẽ mau_chóng có thêm nhiều mẫu mới với chất_lượng ngày_càng tốt hơn cảm_ơn lazada
3,ba sao mình ưng_ý với sản_phẩm đã mua
5,rất hài_lòng mua bữa giá không da đẹp rất chắc_chắn mình cực thích
5,năm sao giao hàng nhanh hơn dự_kiến sản_phẩm đc đóng_gói tốt chất_lượng sản_phẩm rất ok dây đeo khá chắc_chắn giả rẻ nữa nên mua các bạn ạ
4,rất thích mình rất vui về chiếc túi này mới mang con bạn thấy cũng muốn mua một chiếc giá thì cũng khá là hợp_lý và hợp với túi_tiền của mình đường may chắc_chắn không bị lỗi chút nào hết bên trong được may bằng vải nhung rất êm không lo bị thủng_xước khi để vật nhọn sắc_bén và có nhiều ngăn_nhỏ
4,sản_phẩm đẹp
4,tốt túi dày_dặn đường may chắc_chắn và da đẹp hơn so suy_nghĩ của mình nhưng màu đậm hơn trong hình chút
5,hàng dùng ổn chất_liệu đẹp chú_ý là hàng cho nữ nam dùng không hợp lắm
5,năm sao túi da_bò nhìn chắc_chắn đường may tinh_xảo đeo lên nhìn rất đẹp đựng được khá nhiều đồ giao hàng nhanh_chóng đúng lúc cần cảm_ơn lazada nhé
4,bốn sao sản_phẩm đẹp như hình
5,tốt tốt giao hàng nhanh hàng chất_lượng tốt rất hài_lòng về sản_phẩm này
5,sao rưỡi túi to hơn hình tí nhưng cũng ok ai thích đơn_giản thì chọn vì chỉ có vài ngăn nổi_bật thôi
4,tốt hàng rất chắn chắn phù_hợp với giá tiền có_điều còn đường kẻ may chưa xóa bằng viết nhủ mình không xóa_đc hên là không rõ lắm
4,bốn sao mình nhận được hàng các bạn gửi rồi hàng như ảnh dùng tốt xin cảm_ơn
5,hàng rẻ mà chất_lượng giao hàng cực nhanh mình cũng không ngờ luôn chất_lượng quá ổn so với mức giá đường may nhìn khá chắc_chắn tuy_nhiên màu hơi đậm so với hình nhưng nhìn cũng ok lắm sẽ ủng_hộ hàng lata dài_dài
4,ltúi da mềm đẹp túi đẹp tuy_nhiên hơi già dùng cho trung_niên phù_hợp
3,ba sao bình_thường
4,sản_phẩm vừa_ý dùng rất tiện_lợi vừa túi_tiền với công_chức sản_phẩm vừa_ý dùng rất tiện_lợi vừa túi_tiền với công_chức
4,tốt
5,ok hài_lòng
5,đẹp chất_lượng ok túi mk nhận đk y_như hình mk chọn giao hàng tiết_kiệm nhưng lazada giao hàng sớm hơn dự_kiến da chắc_chắn đường may cũng đẹp nữa
5,rất hài_lòng hàng đẹp túi vừa_phải đựng vừa ipad nói_chung là rất thích cảm_ơn anh giao hàng thân_thiện ạ
3,ba sao chất_liệu đẹp tuy_nhiên đường may hơi sâu nên lòng túi hơi nhỏnói chung là chất_lượng và giá_cả hợp_lý
3,ba sao mình rất thích sản_phẩm này mình thấy nó hợp với mình đơn_giản nhưng vẫn sang trọngchất_liệu da_bò mềm_mại giá_cả lại rẻ hơn minh mua ngoài các cửa_hàng và mặt khách giao hàng rất nhanh_chóng nói_chung cũng mới mua một và sản_phẩm nhưng mình rất thích dịch_vụ của lazada
4,bốn sao
4,hàng chất_lượng hàng đẹp giá rẽ nhân_viên giao hàng nhanh
4,bốn sao cũng được
5,tôt hài_lòng với sản_phẩm
5,rất tốt tooii đã dùng balo của lata được năm rồi mà vẫn chưa bị hư_chất da và đường may đều tốt tôi đã đặt chiếc túi này cho tôi và cho chị gái với giá khuyến_mãi đặt hôm_qua hôm_nay đã nhận được rồi tôi thật_sự rất hài_lòng với sản_phẩm của lata
5,giống với ảnh đáng mua chất_liệu ưng_ý hài_lòng với sản_phẩm
3,ba sao oke
4,bốn sao
5,năm sao tốt
5,tui deo cheo tui deo cheo thuong hieu lata mau deu rat đẹp chat luong rat tot gia ca qua re so voi tat ca nhung gi that tot cua_san pham
4,tốt đep
4,bốn sao sản_phẩm tốt_đẹp y hình nhưng gửi chậm so với thời_hạn ngày chờ mãi mà chả nhận được tưởng trôi luôn chơ đóng_gói cẩn_thận
5,năm sao chất_liệu ok
5,năm sao túi đẹp mình rất thích nhưng bé mình đựng cái ví điện_thoại mấy thỏi_son và hũ kem dưỡng ẩm loại bé là full rồi
5,tốt trên cả tuyệt_vời
4,giá đẹp mới mua là kgiờ là không hàng đẹp đómong chuyến hàng không với chất luợng không đổicần thời_gian xem da có bị nổ nhanb kcpnf bây_giờ thấy là ok
5,rất ok rất hài_lòng
4,ok gia thanh okminh mua luc tui sale con kchat lieu day danhop voi tui tienchi tiec la minh_chon da bo nhat thi lazada lai giao cho da bo_dam
4,chat lieu tot mau ma đẹp va giao hang nhanh hon du kien san pham chat luong tot mau ma đẹp toi rat hai long
4,bốn sao chất lương và mẫu_mã ổn sản_phẩm giống hình phù_hợp để đi chơi bạn có_thể để vừa cả loại ví dài nên mua
5,sản_phẩm rất tốt hợp giá tiền đẹp
4,sản_phẩm đẹp đặt_hàng nhanh
5,tui chat luong hang chat luong lazada nen phat huy_nhe
4,tui đẹp vua y đẹp
3,tien nao cua do cung ok lam_cung tot
5,năm sao túi da_bò nhạt này đẹp hơn cái màu đậm đợt rồi mình mua đó mà sử_dụng tốt nên mua thêm cho em mình một cái để dùng nói_chung cũng được xài tốt
4,đẹp đẹp đúng như hình nhưng cái ví tặng theo nhìn khó diễn_tả quá d
5,rất hài_lòng chất_liệu da làm túi trong không được chuẩn cho lắm nhưng so với giá_cả thì mềm rồi chiếc túi mình có_thể mang đi làm cũng hợp_lý màu_sắc chiếc túi đẹp dây đeo khá cứng_cáp
5,tuyệt_vời giá không mà đường chỉ chắc_chắn da dày mình cực_thích phần bên trong tuyệt sẽ tiếp_tục mua của lata
5,năm sao tốt
4,bốn sao nhin ok gia lai re
5,năm sao
5,tuyệt đã nhận được hàng nhìn_chung rất thích
5,túi lât vn mình rất rất hài_lòng về chiếc túi nàychất_liệu da_mềm và dễ_thương nữa
5,sao túi da mềm rẻ và đẹp tôi rất hài_lòng sản_phẩm này
5,tốt cực tốt hàng đã nhận chiều nay và đặt thêm cái mong là đẹp giốg y_vậy
5,hàng đẹp chất_lượng
5,tốt túi đẹp
4,bốn sao tốt
4,hàng như miêu_tả chắc_chắn giao hàng sớm các nhận_xét của mọi người về đường may chắc_chắn chất_liệu đẹp và lót trong mềm dày_dặn đều đúng các khóa khớp nối dày chắc giao hàng miễn_phí sớm một tuần so với dự_kiến dây đeo chắc nhưng đoạn gậpđiều chỉnh chưa đẹp lắm so với túi nên cho sao tổng_thể hài_lòng với giá hợp_lý không miễn_phí vận_chuyển đợt khuyến_mại
5,dùng được rất ổn so với giá tiền
3,hàng cũng được nhưng hơi thất_vọng do quá nhỏ không đựng được nhiều đồ bên trong không giống như mô_tả
5,rất hài_lòng d
5,năm sao hài_lòng
5,túi có thiết_kế đơn_giản khá đẹp_mắt da_bò đẹp đeo nhìn rất năng_động thoải_mái đựng được khá nhiều đồ
4,tốt năm trước ưu_điểm chất_lượng tốt hình_ảnh giống như hình có bảo_hành và địa_chỉ công_ty sản_xuất chưa hài_lòng thể_tích của túi hơi nhỏ
5,rất tốt tôi hài_lòng
5,rất tốt tuy_nhiên đường chỉ mai chưa chính_xác
5,lata tốt
5,rất thích hàng giống_hình da_mềm nhìn đẹp giao hàng siêu nhanh
5,tốt hơn mong_đợi khi đặt_hàng mình chọn chế_độ giao hàng tiết_kiệm nên nghĩ cả tuần sau mới có mình ở bình dương ai dè ngày sau có rồi nói chubg rất hài_lòng chỉ là gói sản_phẩm không kỹ cho lắm dễ bị gãy da của mình nguyên ven không gãy hàng đẹp da dày nói_chung với giá không mình rất hài_lòng
5,năm sao túi đúng như mô_tả da tốt
4,tốt túi như hình tiếc là mua không đúng dịp lazada giảm nhiều nhất
5,da_mềm nói_chung là cũng được so với giá_thành
5,hài_lòng về sản_phẩm
5,sản_phẩm rất đẹp so với chất lương thì giá tiền rất ok đẹp rẻchất lg
5,sản_phẩm rất đẹp bên trong lớp lót nhung dày_dặn nên mua
4,bốn sao
5,tốt màu đẹp hơn ảnhchất liệu mềm_mại bền đường may chắc_chắn form không đứng lắm nói_chung là ok
4,ok sản_phẩm đẹp giá_cả hợp_lí
3,ba sao san pham đẹp gia re
5,tốt chất vải dày lắm ak mọi ngk trên đây rẻ chứ chỗ khác không trở lên không ak
5,túi đẹp
3,khá là thích sản_phẩm_chất_liệu da làm túi trong không được chuẩn cho lắm nhưng so với giá_cả thì mềm rồi chiếc túi mình có_thể mang đi làm cũng hợp_lý màu_sắc chiếc túi đẹp dây đeo khá cứng_cáp
5,tuyệt_vời hàng đóng_gói rất cẩn_thận mở ra thì ôi ưng_ý cực_kỳ luôn hàng giá rẻ mà chất_lượng quá ok luôn sắm em túi này ban_đầu mục_đích để đi chùa cơ_mà đi chơi cũng rất ok
5,năm sao
3,rất hài_lòng
5,hàng tốt sản_phẩm đúng mô_tả gía_rẻ
5,quá tốt da mềm đẹp săn được giá hời không mà túi đẹp quá_chừng cảm_ơn lata lazada
5,ok tot
4,giá rẻ mà đẹp
4,tui đẹp cung kha hai long
5,rất hài_lòng ủng_hộ lata tuyệt_đối
5,hài_lòng màu túi đậm hơn trong hình túi đẹp các đường may đều đẹp lớp lót túi đủ dày khóa trơn_tru nhìn chung sản_phẩm tốt mua lúc giá không đã thấy rẻ rồi mà giờ còn không
3,ba sao năm trước ok
5,tốt giao hàng rất nhanh và bạn shipper nói_chuyện rất thân_thiện sản_phẩm thì mình thấy ok đợi dùng thời_gian xem thế_nào rất ủng_hộ
3,ba sao sản_phẩm giống hình sản_phẩm tốt giá rẻ
3,tốt túi đẹp hàng tốt giá tốt
5,tốt chất_lượng sản_phẩm với giá chấp_nhận được rẻ hơn mua ngoài chợ giao hàng tốt
4,tốt sản_phẩm y hình chất_lượng tốt
5,chất_lượng tốt giao hàng nhanh gói hàng cũng đẹp nữa về chiếc túi thì mẫu_mã giống trong mô_tả dây đeo chắc_chắn nhưng có_điều màu hơi nhạt hơn so với trong hình tý nhưng sản_phẩm_chất_lượng rất ok
3,ba sao sản_phẩm giống trong hình tốt
5,năm sao tuyệt
3,ba sao chất_lượng và giá_cả hợp_lý
5,túi da rất ok mình rất ưng_ý ngoài sự mong_đợi rất ok
3,lata tạm hài_lòng
5,năm sao sản_phẩm rất tốt khi nhận được sản_phẩm vô_cùng vui_mừng vì mua hàng nhanh chất lg tốt tiết_kiệm được thời_gian lựa choncảm ơn_lazada
4,tốt màu đẹp sản_phẩm giống với hình da mềm khóa chắc_chắn đường chỉ may đẹp
5,hài_lòng túi dày_dặn đẹp giống hình mua được giá rẻ nữa
3,ok hàng đẹp giao nhanh
5,túi mang chéo lata hàng đạt yêu cầugiao hàng đúng hẹn
5,phù_hợp với giá sản_phẩm hài_lòng_đường mai đẹp
3,ba sao năm trước day đeo hoi nho và yếu_ớt
5,năm sao quần mềm_mại mặc dễ_chịu giá rẻ tuy_nhiên cúc hơi khó hiểu
5,ok ok
5,ăm sao túi có thiết_kế đơn_giản khá đẹp_mắt da_bò đẹp đeo nhìn rất năng_động thoải_mái đựng được khá nhiều đồ
5,rất đáng mua chất_liệu tốtđường may kĩ càngmáu sắc_đẹp
2,tiền nào của nấy da xấu dễ rách và đã đứt quai sau tháng sử_dụng
5,năm sao giao hang nhanhda dept rat thich mua hang tai lazada
3,bề_ngoài túi thì ok nhưng bên trong vải hơi xấu túi hơi cứng
4,bốn sao nhìn đẹpbên trong túi nhìn sang bền
4,tốt da tốt
1,ok tôi hài_lòng
5,năm sao đẹp i như hình
4,hàng ok mới đặt_hàng ngày đã có tại bình thuậnhàng rẻ mà rất ok
4,bốn sao túi giống như hình đẹp rất thích
4,sản_phẩm tốt mình khá ưng_ý với sản phẩmgiá cả phải_chăng da_mềm kích_thước hợp_lý màu_sắc hơi tối hơn mình nghĩ nhưng dễ phối đồví tặng kèm cùng màu với túi nên thành set đẹp đấyhi
1,túi mùi kinh lắm
5,tốt chất_lượng tốt da đẹp hàng giao đúng mẫu_mã
4,tốt sản_phẩm như hình đường may đẹp và chắc_chắn
5,tốt túi ok
5,năm sao chất_lượng rất tuyệt_vời
3,ba sao
5,năm sao
5,sản_phẩm tốt gio sach đẹp hai long vua matduong may chac chan
5,tốt tốt
1,quá xấu so với hình lại còn thiếu ví khuyến_mãi nữa mất khách
5,tuyệt_vời sản_phẩm đẹp bắt_mắt mới đặt trưa hôm_qua hôm_nay đã có mới nên chưa biết bền không nhưng cảm_nhận đầu là thấy ổn đó
1,miêu_tả đẹp hoành tráng_lệ lắm khi nhận thì cảm_thấy chỉ đc sao
4,bốn sao tốt
5,nhận hàng sớm hơn mong_đợi hàng rất ok nhân_viên giao hàng rất nhiệt_tình_cảm_ơn hệ_thống
5,năm sao tôi rất hài_lòng về giá_cả cũng như chất_lượng hàng mà tôi đã mua
2,túi bằng chất_liệu da quá mềm không biết do túi như_vậy hay do khâu đóng_gói vận_chuyển mà lúc nhận đc hàng cái túi nhăn nhàu gãy hết cả túi
5,năm sao sản_phẩm cực_kì chất_lượng cầm êm tay đường may tinh_tế giao hàng nhanh
5,năm sao túi đeo rất đẹp da cũng là hàng chất_lượng đó mình dùng vài tháng rồi có bị dính mưa dính nước mà da vẫn không sao rất hài_lòng nhé
5,tui xách rất hài_lòng cám_ơn lazada
3,tam_duoc
4,hải lòng về sản_phẩm hàng giao nhanh hơn dự_kiến túi giao như hình màu đậm hơn da mềm đường may đẹp có_điều ví tặng kèm không ưng_ý lắm góp_ý với lazada không nên tặng kèm ví như_vậy thay_vì tặng kèm ví lazada có_thể bớt tiền trên sản_phẩm để tăng uy_tín hoặc giá_trị sản_phẩm hàng dùng bền hay không thì chưa thể đánh_giá được nhưng sản_phẩm được bảo_hành trọn đời thì ok
5,tui đẹp hop gia tien mau san pham_đẹp da mem phia trong vai lot đẹp hop voi mau tui gia re so voi chat luong san pham nhan vien giao hang vui ve_va nhiet tinh
4,hài_lòng giao hàng nhanh sản_phẩm nhận được đúng với mẫu giá_thành vậy là ok
5,san pham tot ung y mau đẹp gia ca hop ly toi rat hai long_haonguyen
5,hài_lòng về sản_phẩm giao hàng miễn_phí nhưng khá nhanh sản_phẩm nhận được đúng mô_tả chất_liệu đẹp giá_thành rẻ hài_lòng
3,túi đeo chéo khi nhấp chuột đặt mua túi với giá không lúc thanh_toán mình nghĩ trong đầu túi rẻ_vậy mua thử dùng tạm thôi chứ không hề nghĩ khi nhận được hàng lại cảm_thấy ok đến như_vậy các sản_phẩm khác mình không biết như nào nhưng khi nhận đc túi đeo chéo này mình thấy hài_lòng chất_liệu ok chắc_chắn và đeo rất hợp đến cả ông anh zai khó_tính của mình còn nói là chất được đấy nói_chung là quá hài_lòng đi
5,san pham tui cheo hang duoc dong goi rat ky luong giao hang cung nhanh nua ve_san pham thi minh rat ung_y
5,tốt sản_phẩm đẹp đúng như hình mình rất hài_lòng
5,rất đẹp rất là ưng_ý ạ
1,túi xấu
5,hài lòg rẻ đẹp
4,được minh moi nhan hang hom warat hai long ve_gia ca va san pham
4,chi mình thích túi này vì với giá tiền để mua được túi da_mềm và màu_sắc giống hình thì rất hài_lòng mình cũng thích sự nhanh_chóng của việc giao hàng lazada cám_ơn
4,đẹp giao hàng nhanh nhận đc sản_phẩm nhanh hàng đẹp to hơn so với tưởng_tượng da mềm đường may chắc màu_da hơi nhạt so với hình
5,năm sao giao hang nhanh sản_phẩm rất ung_y bền trong rất đẹp đuong chi chac chan
3,rất tốt túi giống y hình chất_lượng cũng rất tốt mình rất hài_lòng
5,túi đẹp rất hài_lòng
2,mới nhận hàng xong giờ còn tiec quá
5,năm sao hài_lòng sản_phẩm
3,anh ba sao_binh thuong
5,sản_phẩm đẹp giống với mô_tả chất_lượng tốt so với tầm giá này cảm_ơn lazada làm_quà tặng rất ý_nghĩa
5,túi rẻ đẹp túi đẹp chắc_chắn dầy_dặn kích_thước vừa phải tiện_dụng cho mình khi đi shopping
4,bốn sao hài_lòng về sản_phẩm
5,tốt tốt
5,sản_phẩm đúng mô tảgiao hàng nhanhgiá tốt sản_phẩm rất đúng mong đợigiá tốtlazada cần có thêm nhiều mặt_hàng như_vậy
3,hi duoc thoi chua như mong_muốn
5,tuyệt_vời sản_phẩm như mô_tả hàng chất_lượng hi_vọng cửa_hàng sẽ luôn phục_vụ và đáp_ứng tốt nhu_cầu chất_lượng của mỗi sản_phẩm hàng giá phải_chăng tôi rất hài_lòng về sản_phẩm
5,năm sao sản_phẩm rất đẹp
5,hai long ve_sản_phẩm va dich vu cua lazada tui xach đẹp gia re giao hang nhanh cam on lazada
5,năm sao hàng đẹprất hài_lòng
4,đẹp đẹp
5,hài_lòng sản_phẩm đúng như hình_mẫu da mềm kiểu_dáng đẹp rất nên mua
1,túi mỏng dởm nên rẻ thích_hợp cho mấy bạn nhỏ đựng bút viết
5,tuyệt_vời mình và bạn mua cái hàng đẹp đường chỉ đẹp da mềm giao đúng hẹn nói_chung ok
4,rất hài_lòng giao hàng đúng hẹn mình hài_lòng với dịch_vụ túi đeo nhận được giống mẫu rất đẹp kiểu_dáng độc_đáo mình rất hài_lòng với sản_phẩm này
5,đẹp và rẻ
3,ba sao ok
4,tốt da dày đẹp giống trong hình
3,ba sao nhìn thấy ổn nhưng nữ sử_dụng tiện_lợi hơn
1,chất_liệu không giống ảnh chất_liệu là vải da lộn nhìn không đẹp chút nào
5,đẹp giá ổn rất tốt khi nhận sản_phẩm vừa_ý mong rằng time sử_dụng lâu_dài
4,ok theo nx của mình bề_ngoài ok lòng trong hơi hẹp không rông rãi như mình nghĩ còn về chất_lượng lâu_dài mới biết vì mình đã từng sử_dụng túi lata một lần bị tróc keo tùm_lum tặng ox mà nghe chê quê hết_sức
5,tốt da mềm túi đẹp mẫu ma giống hình
3,ba sao phù_hợp cho teen da tốt
5,hàng tốt chất_lượng cực_kỳ tốt so với giá tiền chất_liệu đẹp đường may chắc_chắn
5,đoàn chất_lượng tốt sản_phẩm đúng hãnggía rẻ hơn rất nhiều so với cửa_hàng nhưng vẫn được bảo hànhda đẹp
5,ok đẹp
3,tui đẹp
5,năm sao tuyệt_vời hơn cả mong_đợi cám_ơn cửa_hàng
5,đẹp túi da đẹp dày_dặn mình rất thích
4,với giá đó thì sản_phẩm ok
4,hài_lòng đẹp hài_lòng với chiếc mẫu_mã như mình đã xem trên hình rất giống bên trong có nhiều ngăn nhỏ đựng dụng_cụ điện_thoại chế_độ bảo_hành làm mình yên_tâm giá chiếc túi cũng khá là hợp_lý cảm_ơn lazada
1,nhảm_nhí hàng giá rẻ ghi thông_tin không nói chất gì với giá_như_vậy chỉ có chất pu dùng vài hôm hỏng mua cho phí tiền
5,ok lắm giống như mô_tả chất_lượng tốt da rất tốt
5,tốt san phẩm nhu_hình
5,rất đẹp sản_phẩm giống_hình da đẹp đường chỉ may chắc_chắn bên trong lót lớp vải nhung rất đẹp nhận sản_phẩm xong mình rất hài_lòng và bạn_bè đồng_nghiệp đã nhờ mình mua đến cái nữa mua cả màu luôn sau khi mình mua sản_phẩm này thì bạn mình đã tìm đến lazada để mua hàng rất nhiều
5,năm sao sản phẩn tốt so với giá
4,bốn sao mẫu_mã hàng như hình giao hàng nhanh_chóng_chất da đẹp giá vừa túi_tiền
5,năm sao
5,tốt tôi rất hài_lòng sản_phẩm đẹpda tốt lazada phục_vụ rất tận tìnhgiao hàng nhanhcảm ơn nhân_viên giao hàng nhé rất nhiệt_tình
2,hai sao khi mua cái túi này đầu_tiên cho chị hai mình thấy rất đẹp nên năm sau mình đặt thêm cái nữa nhưng cái thứ mình nhận được kém xa cái đầu_tiên mình mua da thì nhũn đường may thô không còn đẹp như trước kích_thước cũng khác nhau cái túi mua sau lại trông cũ hơn cả cái túi trước mình rất thất_vọng
5,hài_lòng kích_thước vừa phải dây đeo chắc_chắn vải lót dày và êm giá thì quá là hạt dẻnói chung là quá hài_lòng cám_ơn lazada
4,bốn sao sản_phẩm cũng đc nhưng nhìn thô quá không kĩ và đẹp nhubg so với giá tiền thì sd đc
1,nhăn nhoe xấu không như_ý hơi thất_vọng xấu
5,rất hài_lòng hình sao hàng vậy cảm_ơn lazada nhiều
4,bốn sao da rất mềm mình rất thích cái giỏ xách này cảm_ơn lazada
5,năm sao sản_phẩm bên ngoài đẹp hơn trong hình
5,năm sao tôi hài_lòng
2,hai sao tui nho so voi hinh tam_duoc
5,túi lata túi dày chỉ may chắc_chắn giao hàng đúng ngày hài_lòng với sản_phẩm
4,giá tốt trước túi có chất_lượng tốt so với đơn_giá không tuy_nhiên mùi da vẫn còn nồng đường may có mũi kim_hơi dài
5,năm sao túi da_bò nhạt này đẹp hơn cái màu đậm đợt rồi mình mua đó mà sử_dụng tốt nên mua thêm cho em mình một cái để dùng nói_chung cũng được xài tốt
3,túi nhìn trông thô nhỏ hơn tí nữa thì đẹp
5,hàng tốt với giá này thì là quá tốttúi hoàn_thiện cũng đẹpđường may chắc_chắn
5,sản_phẩm đẹp sản_phẩm đẹp duong chi may chac chan
5,rất rẻ rất tốt
5,năm sao túi đẹp giống hình mình thích cái ví quà tặng hơn cảm_ơn lazada nhe
5,hang y hinh ok
5,năm sao tôi hài_lòng
5,tot tot
5,hàng ok túi đẹp giao hàng nhanh nhân_viên nhiệt_tình mình sẽ tiếp_tục ủng_hộ
5,năm sao túi này đeo gọn_gàng mà tiện_lợi lắm đựng được nhiều món đồ cần_thiết hằng ngày để mang đi mà lấy ra bỏ vô đều rất là nhanh đã vậy còn được tặng ví cầm tay nữa cả cái đều dùng rất là ok
5,túi đẹp da dầy_dặn quá tốt so với giá
5,năm sao năm trước rất hài_lòng sản_phẩm giốn hình giao hàng nhanh giá hợp_lý rất ok
5,rẻ đẹp da mềm mẫu_mã như hình đường may ok giá rẻ
5,tốt
3,sản_phẩm tạm được
5,năm sao rất đẹp
3,màu_da xấu hơn trong hìnhchất da khá ổn
5,năm sao sản_phẩm giống hình chất_liệu da và đường may ok tôi thật_sự rất hài_lòng với sản_phẩm của lata
5,chat luong tot
5,năm sao túi y hìnhda mềmhơp túi tiềngiao hàng nhanhủng hộ lazada
5,rẻ đẹp mình mua đúng hôm giảm còn không nay nhận hàng rất là ưng luôn ý
4,sản_phẩm tốt sản_phẩm tốt
4,đánh_giá sản_phẩm nhìn_chung thì lazada cũg nổi_tiếng từ lâu rồi mình cảm thấy yên_tâm khi mua hàg về phần sản_phẩm thì ok hàg y hình chất_lượng tốt mong rằg cty tiếp_tục pt
